[{"model": "admin.logentry", "pk": 1, "fields": {"action_time": "2021-08-07T05:49:51.826", "user": 1, "content_type": 12, "object_id": "1", "object_repr": "bpl : Bhopal", "action_flag": 1, "change_message": "[{\"added\": {}}]"}}, {"model": "admin.logentry", "pk": 2, "fields": {"action_time": "2021-08-07T05:50:13.730", "user": 1, "content_type": 11, "object_id": "1", "object_repr": "Consumer:  ", "action_flag": 1, "change_message": "[{\"added\": {}}]"}}, {"model": "admin.logentry", "pk": 3, "fields": {"action_time": "2021-08-07T05:50:32.091", "user": 1, "content_type": 6, "object_id": "1", "object_repr": "Subodh Verma", "action_flag": 2, "change_message": "[{\"changed\": {\"fields\": [\"First name\", \"Last name\", \"Phone\"]}}]"}}, {"model": "admin.logentry", "pk": 4, "fields": {"action_time": "2021-08-07T05:50:55.363", "user": 1, "content_type": 27, "object_id": "1", "object_repr": "StoreOwner: Subodh Verma", "action_flag": 1, "change_message": "[{\"added\": {}}]"}}, {"model": "admin.logentry", "pk": 5, "fields": {"action_time": "2021-08-07T06:02:25.779", "user": 1, "content_type": 16, "object_id": "1", "object_repr": "Shiv Car Wash", "action_flag": 1, "change_message": "[{\"added\": {}}]"}}, {"model": "admin.logentry", "pk": 6, "fields": {"action_time": "2021-08-07T06:14:46.909", "user": 1, "content_type": 14, "object_id": "1", "object_repr": "two : sports_bike", "action_flag": 1, "change_message": "[{\"added\": {}}]"}}, {"model": "admin.logentry", "pk": 7, "fields": {"action_time": "2021-08-07T06:14:58.179", "user": 1, "content_type": 13, "object_id": "1", "object_repr": "tfl : Teflon Coating", "action_flag": 1, "change_message": "[{\"added\": {}}]"}}, {"model": "admin.logentry", "pk": 8, "fields": {"action_time": "2021-08-07T06:15:05.261", "user": 1, "content_type": 13, "object_id": "2", "object_repr": "wsh : Washing", "action_flag": 1, "change_message": "[{\"added\": {}}]"}}, {"model": "admin.logentry", "pk": 9, "fields": {"action_time": "2021-08-07T06:15:21.444", "user": 1, "content_type": 15, "object_id": "1", "object_repr": "1: Shiv Car Wash", "action_flag": 1, "change_message": "[{\"added\": {}}]"}}, {"model": "admin.logentry", "pk": 10, "fields": {"action_time": "2021-08-07T06:15:24.459", "user": 1, "content_type": 15, "object_id": "2", "object_repr": "2: Shiv Car Wash", "action_flag": 1, "change_message": "[{\"added\": {}}]"}}, {"model": "admin.logentry", "pk": 11, "fields": {"action_time": "2021-08-07T06:15:25.672", "user": 1, "content_type": 18, "object_id": "1", "object_repr": "two : sports_bike | wsh : Washing", "action_flag": 1, "change_message": "[{\"added\": {}}]"}}, {"model": "admin.logentry", "pk": 12, "fields": {"action_time": "2021-08-07T06:15:48.288", "user": 1, "content_type": 18, "object_id": "2", "object_repr": "two : sports_bike | tfl : Teflon Coating", "action_flag": 1, "change_message": "[{\"added\": {}}]"}}, {"model": "admin.logentry", "pk": 13, "fields": {"action_time": "2021-08-07T06:16:35.724", "user": 1, "content_type": 17, "object_id": "1", "object_repr": "1: Shiv Car Wash | 2021-08-10 12:00:00+05:30=>2021-08-10 13:30:00+05:30", "action_flag": 1, "change_message": "[{\"added\": {}}]"}}, {"model": "admin.logentry", "pk": 14, "fields": {"action_time": "2021-08-07T06:16:45.983", "user": 1, "content_type": 14, "object_id": "2", "object_repr": "two : premium_bike", "action_flag": 1, "change_message": "[{\"added\": {}}]"}}, {"model": "admin.logentry", "pk": 15, "fields": {"action_time": "2021-08-07T06:16:58.194", "user": 1, "content_type": 19, "object_id": "23523452", "object_repr": "Booking: #23523452", "action_flag": 1, "change_message": "[{\"added\": {}}]"}}, {"model": "admin.logentry", "pk": 16, "fields": {"action_time": "2021-08-07T06:17:14.839", "user": 1, "content_type": 19, "object_id": "23523452", "object_repr": "Booking: #23523452", "action_flag": 2, "change_message": "[{\"changed\": {\"fields\": [\"Vehicle type\"]}}]"}}, {"model": "admin.logentry", "pk": 17, "fields": {"action_time": "2021-08-07T06:17:54.142", "user": 1, "content_type": 23, "object_id": "1", "object_repr": "#23523452 Payment", "action_flag": 1, "change_message": "[{\"added\": {}}]"}}, {"model": "admin.logentry", "pk": 18, "fields": {"action_time": "2021-08-07T16:29:55.427", "user": 1, "content_type": 24, "object_id": "1", "object_repr": "Shiv Car Wash: Image #1", "action_flag": 1, "change_message": "[{\"added\": {}}]"}}, {"model": "admin.logentry", "pk": 19, "fields": {"action_time": "2021-08-09T07:18:21.187", "user": 1, "content_type": 26, "object_id": "1", "object_repr": "Cart object (1)", "action_flag": 1, "change_message": "[{\"added\": {}}]"}}, {"model": "admin.logentry", "pk": 20, "fields": {"action_time": "2021-08-09T07:48:23.228", "user": 1, "content_type": 11, "object_id": "1", "object_repr": "Consumer: Subodh Verma", "action_flag": 2, "change_message": "[]"}}, {"model": "admin.logentry", "pk": 21, "fields": {"action_time": "2021-08-10T15:38:17.803", "user": 1, "content_type": 16, "object_id": "1", "object_repr": "Shiv Car Wash", "action_flag": 2, "change_message": "[{\"changed\": {\"fields\": [\"Thumbnail\", \"Store times\"]}}]"}}, {"model": "admin.logentry", "pk": 22, "fields": {"action_time": "2021-08-10T15:39:38.255", "user": 1, "content_type": 16, "object_id": "1", "object_repr": "Shiv Car Wash", "action_flag": 2, "change_message": "[{\"changed\": {\"fields\": [\"Store times\"]}}]"}}, {"model": "admin.logentry", "pk": 23, "fields": {"action_time": "2021-08-10T15:49:36.910", "user": 1, "content_type": 16, "object_id": "1", "object_repr": "Shiv Car Wash", "action_flag": 2, "change_message": "[{\"changed\": {\"fields\": [\"Store times\"]}}]"}}, {"model": "admin.logentry", "pk": 24, "fields": {"action_time": "2021-08-10T15:58:40.046", "user": 1, "content_type": 16, "object_id": "1", "object_repr": "Shiv Car Wash", "action_flag": 2, "change_message": "[{\"changed\": {\"fields\": [\"Store times\"]}}]"}}, {"model": "admin.logentry", "pk": 25, "fields": {"action_time": "2021-08-10T16:03:19.727", "user": 1, "content_type": 16, "object_id": "1", "object_repr": "Shiv Car Wash", "action_flag": 2, "change_message": "[{\"changed\": {\"fields\": [\"Store times\"]}}]"}}, {"model": "admin.logentry", "pk": 26, "fields": {"action_time": "2021-08-10T16:04:51.803", "user": 1, "content_type": 16, "object_id": "1", "object_repr": "Shiv Car Wash", "action_flag": 2, "change_message": "[{\"changed\": {\"fields\": [\"Store times\"]}}]"}}, {"model": "admin.logentry", "pk": 27, "fields": {"action_time": "2021-08-10T16:38:56.637", "user": 1, "content_type": 16, "object_id": "1", "object_repr": "Shiv Car Wash", "action_flag": 2, "change_message": "[{\"changed\": {\"fields\": [\"Store times\"]}}]"}}, {"model": "admin.logentry", "pk": 28, "fields": {"action_time": "2021-08-10T16:41:16.004", "user": 1, "content_type": 16, "object_id": "1", "object_repr": "Shiv Car Wash", "action_flag": 2, "change_message": "[{\"changed\": {\"fields\": [\"Store times\"]}}]"}}, {"model": "admin.logentry", "pk": 29, "fields": {"action_time": "2021-08-10T17:00:00.569", "user": 1, "content_type": 17, "object_id": "17", "object_repr": "1: Shiv Car Wash | 2021-08-10 15:00:00+05:30=>2021-08-10 16:00:00+05:30", "action_flag": 1, "change_message": "[{\"added\": {}}]"}}, {"model": "admin.logentry", "pk": 30, "fields": {"action_time": "2021-08-10T17:26:43.482", "user": 1, "content_type": 17, "object_id": "18", "object_repr": "2: Shiv Car Wash | 2021-08-10 13:29:00=>2021-08-10 17:26:40", "action_flag": 1, "change_message": "[{\"added\": {}}]"}}, {"model": "admin.logentry", "pk": 31, "fields": {"action_time": "2021-08-12T20:08:17.696", "user": 1, "content_type": 9, "object_id": "1", "object_repr": "Salesman: Subodh Verma", "action_flag": 1, "change_message": "[{\"added\": {}}]"}}, {"model": "admin.logentry", "pk": 32, "fields": {"action_time": "2021-08-13T02:01:36.560", "user": 1, "content_type": 16, "object_id": "1", "object_repr": "Shiv Car Wash", "action_flag": 2, "change_message": "[{\"changed\": {\"fields\": [\"Salesman\", \"Store times\"]}}]"}}, {"model": "admin.logentry", "pk": 33, "fields": {"action_time": "2021-08-13T05:01:36.245", "user": 1, "content_type": 14, "object_id": "3", "object_repr": "four : h_back", "action_flag": 1, "change_message": "[{\"added\": {}}]"}}, {"model": "auth.permission", "pk": 1, "fields": {"name": "Can add log entry", "content_type": 1, "codename": "add_logentry"}}, {"model": "auth.permission", "pk": 2, "fields": {"name": "Can change log entry", "content_type": 1, "codename": "change_logentry"}}, {"model": "auth.permission", "pk": 3, "fields": {"name": "Can delete log entry", "content_type": 1, "codename": "delete_logentry"}}, {"model": "auth.permission", "pk": 4, "fields": {"name": "Can view log entry", "content_type": 1, "codename": "view_logentry"}}, {"model": "auth.permission", "pk": 5, "fields": {"name": "Can add permission", "content_type": 2, "codename": "add_permission"}}, {"model": "auth.permission", "pk": 6, "fields": {"name": "Can change permission", "content_type": 2, "codename": "change_permission"}}, {"model": "auth.permission", "pk": 7, "fields": {"name": "Can delete permission", "content_type": 2, "codename": "delete_permission"}}, {"model": "auth.permission", "pk": 8, "fields": {"name": "Can view permission", "content_type": 2, "codename": "view_permission"}}, {"model": "auth.permission", "pk": 9, "fields": {"name": "Can add group", "content_type": 3, "codename": "add_group"}}, {"model": "auth.permission", "pk": 10, "fields": {"name": "Can change group", "content_type": 3, "codename": "change_group"}}, {"model": "auth.permission", "pk": 11, "fields": {"name": "Can delete group", "content_type": 3, "codename": "delete_group"}}, {"model": "auth.permission", "pk": 12, "fields": {"name": "Can view group", "content_type": 3, "codename": "view_group"}}, {"model": "auth.permission", "pk": 13, "fields": {"name": "Can add content type", "content_type": 4, "codename": "add_contenttype"}}, {"model": "auth.permission", "pk": 14, "fields": {"name": "Can change content type", "content_type": 4, "codename": "change_contenttype"}}, {"model": "auth.permission", "pk": 15, "fields": {"name": "Can delete content type", "content_type": 4, "codename": "delete_contenttype"}}, {"model": "auth.permission", "pk": 16, "fields": {"name": "Can view content type", "content_type": 4, "codename": "view_contenttype"}}, {"model": "auth.permission", "pk": 17, "fields": {"name": "Can add session", "content_type": 5, "codename": "add_session"}}, {"model": "auth.permission", "pk": 18, "fields": {"name": "Can change session", "content_type": 5, "codename": "change_session"}}, {"model": "auth.permission", "pk": 19, "fields": {"name": "Can delete session", "content_type": 5, "codename": "delete_session"}}, {"model": "auth.permission", "pk": 20, "fields": {"name": "Can view session", "content_type": 5, "codename": "view_session"}}, {"model": "auth.permission", "pk": 21, "fields": {"name": "Can add user", "content_type": 6, "codename": "add_user"}}, {"model": "auth.permission", "pk": 22, "fields": {"name": "Can change user", "content_type": 6, "codename": "change_user"}}, {"model": "auth.permission", "pk": 23, "fields": {"name": "Can delete user", "content_type": 6, "codename": "delete_user"}}, {"model": "auth.permission", "pk": 24, "fields": {"name": "Can view user", "content_type": 6, "codename": "view_user"}}, {"model": "auth.permission", "pk": 25, "fields": {"name": "Can add support", "content_type": 7, "codename": "add_support"}}, {"model": "auth.permission", "pk": 26, "fields": {"name": "Can change support", "content_type": 7, "codename": "change_support"}}, {"model": "auth.permission", "pk": 27, "fields": {"name": "Can delete support", "content_type": 7, "codename": "delete_support"}}, {"model": "auth.permission", "pk": 28, "fields": {"name": "Can view support", "content_type": 7, "codename": "view_support"}}, {"model": "auth.permission", "pk": 29, "fields": {"name": "Can add sub admin", "content_type": 8, "codename": "add_subadmin"}}, {"model": "auth.permission", "pk": 30, "fields": {"name": "Can change sub admin", "content_type": 8, "codename": "change_subadmin"}}, {"model": "auth.permission", "pk": 31, "fields": {"name": "Can delete sub admin", "content_type": 8, "codename": "delete_subadmin"}}, {"model": "auth.permission", "pk": 32, "fields": {"name": "Can view sub admin", "content_type": 8, "codename": "view_subadmin"}}, {"model": "auth.permission", "pk": 33, "fields": {"name": "Can add salesman", "content_type": 9, "codename": "add_salesman"}}, {"model": "auth.permission", "pk": 34, "fields": {"name": "Can change salesman", "content_type": 9, "codename": "change_salesman"}}, {"model": "auth.permission", "pk": 35, "fields": {"name": "Can delete salesman", "content_type": 9, "codename": "delete_salesman"}}, {"model": "auth.permission", "pk": 36, "fields": {"name": "Can view salesman", "content_type": 9, "codename": "view_salesman"}}, {"model": "auth.permission", "pk": 37, "fields": {"name": "Can add partner", "content_type": 10, "codename": "add_partner"}}, {"model": "auth.permission", "pk": 38, "fields": {"name": "Can change partner", "content_type": 10, "codename": "change_partner"}}, {"model": "auth.permission", "pk": 39, "fields": {"name": "Can delete partner", "content_type": 10, "codename": "delete_partner"}}, {"model": "auth.permission", "pk": 40, "fields": {"name": "Can view partner", "content_type": 10, "codename": "view_partner"}}, {"model": "auth.permission", "pk": 41, "fields": {"name": "Can add consumer", "content_type": 11, "codename": "add_consumer"}}, {"model": "auth.permission", "pk": 42, "fields": {"name": "Can change consumer", "content_type": 11, "codename": "change_consumer"}}, {"model": "auth.permission", "pk": 43, "fields": {"name": "Can delete consumer", "content_type": 11, "codename": "delete_consumer"}}, {"model": "auth.permission", "pk": 44, "fields": {"name": "Can view consumer", "content_type": 11, "codename": "view_consumer"}}, {"model": "auth.permission", "pk": 45, "fields": {"name": "Can add city", "content_type": 12, "codename": "add_city"}}, {"model": "auth.permission", "pk": 46, "fields": {"name": "Can change city", "content_type": 12, "codename": "change_city"}}, {"model": "auth.permission", "pk": 47, "fields": {"name": "Can delete city", "content_type": 12, "codename": "delete_city"}}, {"model": "auth.permission", "pk": 48, "fields": {"name": "Can view city", "content_type": 12, "codename": "view_city"}}, {"model": "auth.permission", "pk": 49, "fields": {"name": "Can add service", "content_type": 13, "codename": "add_service"}}, {"model": "auth.permission", "pk": 50, "fields": {"name": "Can change service", "content_type": 13, "codename": "change_service"}}, {"model": "auth.permission", "pk": 51, "fields": {"name": "Can delete service", "content_type": 13, "codename": "delete_service"}}, {"model": "auth.permission", "pk": 52, "fields": {"name": "Can view service", "content_type": 13, "codename": "view_service"}}, {"model": "auth.permission", "pk": 53, "fields": {"name": "Can add vehicle type", "content_type": 14, "codename": "add_vehicletype"}}, {"model": "auth.permission", "pk": 54, "fields": {"name": "Can change vehicle type", "content_type": 14, "codename": "change_vehicletype"}}, {"model": "auth.permission", "pk": 55, "fields": {"name": "Can delete vehicle type", "content_type": 14, "codename": "delete_vehicletype"}}, {"model": "auth.permission", "pk": 56, "fields": {"name": "Can view vehicle type", "content_type": 14, "codename": "view_vehicletype"}}, {"model": "auth.permission", "pk": 57, "fields": {"name": "Can add bay", "content_type": 15, "codename": "add_bay"}}, {"model": "auth.permission", "pk": 58, "fields": {"name": "Can change bay", "content_type": 15, "codename": "change_bay"}}, {"model": "auth.permission", "pk": 59, "fields": {"name": "Can delete bay", "content_type": 15, "codename": "delete_bay"}}, {"model": "auth.permission", "pk": 60, "fields": {"name": "Can view bay", "content_type": 15, "codename": "view_bay"}}, {"model": "auth.permission", "pk": 61, "fields": {"name": "Can add store", "content_type": 16, "codename": "add_store"}}, {"model": "auth.permission", "pk": 62, "fields": {"name": "Can change store", "content_type": 16, "codename": "change_store"}}, {"model": "auth.permission", "pk": 63, "fields": {"name": "Can delete store", "content_type": 16, "codename": "delete_store"}}, {"model": "auth.permission", "pk": 64, "fields": {"name": "Can view store", "content_type": 16, "codename": "view_store"}}, {"model": "auth.permission", "pk": 65, "fields": {"name": "Can add event", "content_type": 17, "codename": "add_event"}}, {"model": "auth.permission", "pk": 66, "fields": {"name": "Can change event", "content_type": 17, "codename": "change_event"}}, {"model": "auth.permission", "pk": 67, "fields": {"name": "Can delete event", "content_type": 17, "codename": "delete_event"}}, {"model": "auth.permission", "pk": 68, "fields": {"name": "Can view event", "content_type": 17, "codename": "view_event"}}, {"model": "auth.permission", "pk": 69, "fields": {"name": "Can add price time", "content_type": 18, "codename": "add_pricetime"}}, {"model": "auth.permission", "pk": 70, "fields": {"name": "Can change price time", "content_type": 18, "codename": "change_pricetime"}}, {"model": "auth.permission", "pk": 71, "fields": {"name": "Can delete price time", "content_type": 18, "codename": "delete_pricetime"}}, {"model": "auth.permission", "pk": 72, "fields": {"name": "Can view price time", "content_type": 18, "codename": "view_pricetime"}}, {"model": "auth.permission", "pk": 73, "fields": {"name": "Can add booking", "content_type": 19, "codename": "add_booking"}}, {"model": "auth.permission", "pk": 74, "fields": {"name": "Can change booking", "content_type": 19, "codename": "change_booking"}}, {"model": "auth.permission", "pk": 75, "fields": {"name": "Can delete booking", "content_type": 19, "codename": "delete_booking"}}, {"model": "auth.permission", "pk": 76, "fields": {"name": "Can view booking", "content_type": 19, "codename": "view_booking"}}, {"model": "auth.permission", "pk": 77, "fields": {"name": "Can add slot", "content_type": 20, "codename": "add_slot"}}, {"model": "auth.permission", "pk": 78, "fields": {"name": "Can change slot", "content_type": 20, "codename": "change_slot"}}, {"model": "auth.permission", "pk": 79, "fields": {"name": "Can delete slot", "content_type": 20, "codename": "delete_slot"}}, {"model": "auth.permission", "pk": 80, "fields": {"name": "Can view slot", "content_type": 20, "codename": "view_slot"}}, {"model": "auth.permission", "pk": 81, "fields": {"name": "Can add review", "content_type": 21, "codename": "add_review"}}, {"model": "auth.permission", "pk": 82, "fields": {"name": "Can change review", "content_type": 21, "codename": "change_review"}}, {"model": "auth.permission", "pk": 83, "fields": {"name": "Can delete review", "content_type": 21, "codename": "delete_review"}}, {"model": "auth.permission", "pk": 84, "fields": {"name": "Can view review", "content_type": 21, "codename": "view_review"}}, {"model": "auth.permission", "pk": 85, "fields": {"name": "Can add refund", "content_type": 22, "codename": "add_refund"}}, {"model": "auth.permission", "pk": 86, "fields": {"name": "Can change refund", "content_type": 22, "codename": "change_refund"}}, {"model": "auth.permission", "pk": 87, "fields": {"name": "Can delete refund", "content_type": 22, "codename": "delete_refund"}}, {"model": "auth.permission", "pk": 88, "fields": {"name": "Can view refund", "content_type": 22, "codename": "view_refund"}}, {"model": "auth.permission", "pk": 89, "fields": {"name": "Can add payment", "content_type": 23, "codename": "add_payment"}}, {"model": "auth.permission", "pk": 90, "fields": {"name": "Can change payment", "content_type": 23, "codename": "change_payment"}}, {"model": "auth.permission", "pk": 91, "fields": {"name": "Can delete payment", "content_type": 23, "codename": "delete_payment"}}, {"model": "auth.permission", "pk": 92, "fields": {"name": "Can view payment", "content_type": 23, "codename": "view_payment"}}, {"model": "auth.permission", "pk": 93, "fields": {"name": "Can add store image", "content_type": 24, "codename": "add_storeimage"}}, {"model": "auth.permission", "pk": 94, "fields": {"name": "Can change store image", "content_type": 24, "codename": "change_storeimage"}}, {"model": "auth.permission", "pk": 95, "fields": {"name": "Can delete store image", "content_type": 24, "codename": "delete_storeimage"}}, {"model": "auth.permission", "pk": 96, "fields": {"name": "Can view store image", "content_type": 24, "codename": "view_storeimage"}}, {"model": "auth.permission", "pk": 97, "fields": {"name": "Can add service image", "content_type": 25, "codename": "add_serviceimage"}}, {"model": "auth.permission", "pk": 98, "fields": {"name": "Can change service image", "content_type": 25, "codename": "change_serviceimage"}}, {"model": "auth.permission", "pk": 99, "fields": {"name": "Can delete service image", "content_type": 25, "codename": "delete_serviceimage"}}, {"model": "auth.permission", "pk": 100, "fields": {"name": "Can view service image", "content_type": 25, "codename": "view_serviceimage"}}, {"model": "auth.permission", "pk": 101, "fields": {"name": "Can add cart", "content_type": 26, "codename": "add_cart"}}, {"model": "auth.permission", "pk": 102, "fields": {"name": "Can change cart", "content_type": 26, "codename": "change_cart"}}, {"model": "auth.permission", "pk": 103, "fields": {"name": "Can delete cart", "content_type": 26, "codename": "delete_cart"}}, {"model": "auth.permission", "pk": 104, "fields": {"name": "Can view cart", "content_type": 26, "codename": "view_cart"}}, {"model": "auth.permission", "pk": 105, "fields": {"name": "Can add store owner", "content_type": 27, "codename": "add_storeowner"}}, {"model": "auth.permission", "pk": 106, "fields": {"name": "Can change store owner", "content_type": 27, "codename": "change_storeowner"}}, {"model": "auth.permission", "pk": 107, "fields": {"name": "Can delete store owner", "content_type": 27, "codename": "delete_storeowner"}}, {"model": "auth.permission", "pk": 108, "fields": {"name": "Can view store owner", "content_type": 27, "codename": "view_storeowner"}}, {"model": "contenttypes.contenttype", "pk": 1, "fields": {"app_label": "admin", "model": "logentry"}}, {"model": "contenttypes.contenttype", "pk": 2, "fields": {"app_label": "auth", "model": "permission"}}, {"model": "contenttypes.contenttype", "pk": 3, "fields": {"app_label": "auth", "model": "group"}}, {"model": "contenttypes.contenttype", "pk": 4, "fields": {"app_label": "contenttypes", "model": "contenttype"}}, {"model": "contenttypes.contenttype", "pk": 5, "fields": {"app_label": "sessions", "model": "session"}}, {"model": "contenttypes.contenttype", "pk": 6, "fields": {"app_label": "accounts", "model": "user"}}, {"model": "contenttypes.contenttype", "pk": 7, "fields": {"app_label": "accounts", "model": "support"}}, {"model": "contenttypes.contenttype", "pk": 8, "fields": {"app_label": "accounts", "model": "subadmin"}}, {"model": "contenttypes.contenttype", "pk": 9, "fields": {"app_label": "accounts", "model": "salesman"}}, {"model": "contenttypes.contenttype", "pk": 10, "fields": {"app_label": "accounts", "model": "partner"}}, {"model": "contenttypes.contenttype", "pk": 11, "fields": {"app_label": "accounts", "model": "consumer"}}, {"model": "contenttypes.contenttype", "pk": 12, "fields": {"app_label": "common", "model": "city"}}, {"model": "contenttypes.contenttype", "pk": 13, "fields": {"app_label": "common", "model": "service"}}, {"model": "contenttypes.contenttype", "pk": 14, "fields": {"app_label": "vehicle", "model": "vehicletype"}}, {"model": "contenttypes.contenttype", "pk": 15, "fields": {"app_label": "store", "model": "bay"}}, {"model": "contenttypes.contenttype", "pk": 16, "fields": {"app_label": "store", "model": "store"}}, {"model": "contenttypes.contenttype", "pk": 17, "fields": {"app_label": "store", "model": "event"}}, {"model": "contenttypes.contenttype", "pk": 18, "fields": {"app_label": "store", "model": "pricetime"}}, {"model": "contenttypes.contenttype", "pk": 19, "fields": {"app_label": "booking", "model": "booking"}}, {"model": "contenttypes.contenttype", "pk": 20, "fields": {"app_label": "booking", "model": "slot"}}, {"model": "contenttypes.contenttype", "pk": 21, "fields": {"app_label": "booking", "model": "review"}}, {"model": "contenttypes.contenttype", "pk": 22, "fields": {"app_label": "booking", "model": "refund"}}, {"model": "contenttypes.contenttype", "pk": 23, "fields": {"app_label": "booking", "model": "payment"}}, {"model": "contenttypes.contenttype", "pk": 24, "fields": {"app_label": "misc", "model": "storeimage"}}, {"model": "contenttypes.contenttype", "pk": 25, "fields": {"app_label": "misc", "model": "serviceimage"}}, {"model": "contenttypes.contenttype", "pk": 26, "fields": {"app_label": "cart", "model": "cart"}}, {"model": "contenttypes.contenttype", "pk": 27, "fields": {"app_label": "accounts", "model": "storeowner"}}, {"model": "sessions.session", "pk": "218jsntmvy1uei563rqvz7mv7lp77bij", "fields": {"session_data": ".eJxVjMsOwiAQRf-FtSE8hIJL9_0GMsMwUjU0Ke3K-O_apAvd3nPOfYkE21rT1suSJhIXocXpd0PIj9J2QHdot1nmua3LhHJX5EG7HGcqz-vh_h1U6PVbW-MUMBiwiMjnQcfAgVlra4svZiCIDmNkBxQyKQfBEIEp2mdm8Eq8P_0mOOw:1mCtu6:9OHH6O1xAjIC2E0KAAM65qkzySdL-44Lhn3OTUgBUNg", "expire_date": "2021-08-23T06:46:34.683"}}, {"model": "sessions.session", "pk": "h3pznjbkf2cfi3mql3wkjn0o9eumlhoi", "fields": {"session_data": ".eJxVjMsOwiAQRf-FtSE8hIJL9_0GMsMwUjU0Ke3K-O_apAvd3nPOfYkE21rT1suSJhIXocXpd0PIj9J2QHdot1nmua3LhHJX5EG7HGcqz-vh_h1U6PVbW-MUMBiwiMjnQcfAgVlra4svZiCIDmNkBxQyKQfBEIEp2mdm8Eq8P_0mOOw:1mEBq4:U33SPc6xS0kVYavK0Ip4c6MFeb56LfL5sd4gz4-7ogE", "expire_date": "2021-08-26T20:07:44.664"}}, {"model": "sessions.session", "pk": "rkeyvk17via4c9b1up6siwhnj33rnr7k", "fields": {"session_data": ".eJxVjMsOwiAQRf-FtSE8hIJL9_0GMsMwUjU0Ke3K-O_apAvd3nPOfYkE21rT1suSJhIXocXpd0PIj9J2QHdot1nmua3LhHJX5EG7HGcqz-vh_h1U6PVbW-MUMBiwiMjnQcfAgVlra4svZiCIDmNkBxQyKQfBEIEp2mdm8Eq8P_0mOOw:1mC12z:KrTvRcXv603brC7Tsy4Ht-3Jk4LGnnooiBbgit6OC28", "expire_date": "2021-08-20T20:12:05.163"}}, {"model": "accounts.user", "pk": 1, "fields": {"password": "pbkdf2_sha256$260000$Qb8LeSyfbe42mHT2KxggNz$2EQdgxiCiJKuCFCU18m884DF1F+eARH/DZx4+gjV97Y=", "last_login": "2021-08-12T20:07:44.661", "is_superuser": true, "username": "subodhk", "first_name": "Subodh", "last_name": "Verma", "email": "vermasubodhk@gmail.com", "is_staff": true, "is_active": true, "date_joined": "2021-08-06T20:11:59", "phone": "+918989820993", "otp": "1234", "is_verified": true, "is_consumer": true, "is_store_owner": true, "is_partner": false, "is_support": false, "is_sub_admin": false, "groups": [], "user_permissions": []}}, {"model": "accounts.consumer", "pk": 1, "fields": {"created_at": "2021-08-07T05:50:13.730", "updated_at": "2021-08-09T07:48:23.227", "user": 1}}, {"model": "accounts.storeowner", "pk": 1, "fields": {"created_at": "2021-08-07T05:50:55.362", "updated_at": "2021-08-07T05:50:55.362", "user": 1}}, {"model": "accounts.salesman", "pk": 1, "fields": {"created_at": "2021-08-12T20:08:17.695", "updated_at": "2021-08-12T20:08:17.695", "user": 1}}, {"model": "common.city", "pk": 1, "fields": {"created_at": "2021-08-07T05:49:51.825", "updated_at": "2021-08-07T05:49:51.825", "code": "bpl", "name": "Bhopal", "upcoming": false}}, {"model": "common.service", "pk": 1, "fields": {"created_at": "2021-08-07T06:14:58.178", "updated_at": "2021-08-07T06:14:58.178", "code": "tfl", "name": "Teflon Coating", "description": "asdfasdf", "images": null}}, {"model": "common.service", "pk": 2, "fields": {"created_at": "2021-08-07T06:15:05.260", "updated_at": "2021-08-07T06:15:05.260", "code": "wsh", "name": "Washing", "description": "asdfasdf", "images": null}}, {"model": "vehicle.vehicletype", "pk": 1, "fields": {"created_at": "2021-08-07T06:14:46.908", "updated_at": "2021-08-07T06:14:46.908", "wheel": "two", "model": "sports_bike"}}, {"model": "vehicle.vehicletype", "pk": 2, "fields": {"created_at": "2021-08-07T06:16:45.983", "updated_at": "2021-08-07T06:16:45.983", "wheel": "two", "model": "premium_bike"}}, {"model": "vehicle.vehicletype", "pk": 3, "fields": {"created_at": "2021-08-13T05:01:36.244", "updated_at": "2021-08-13T05:01:36.244", "wheel": "four", "model": "h_back"}}, {"model": "store.store", "pk": 1, "fields": {"created_at": "2021-08-07T06:02:25.775", "updated_at": "2021-08-13T02:01:36.559", "owner": 1, "partner": null, "salesman": 1, "pincode": null, "is_active": true, "name": "Shiv Car Wash", "slug": "shiv-car-wash", "description": "asdf ad fasd fasdf asd fasd fasdf asd f", "thumbnail": "https://newera-backend-static.s3.amazonaws.com/media/questions/jeeadvance.jpg", "images": null, "contact_numbers": "[\"+918989820993\"]", "emails": "[\"vermasubodhkk@gmail.com\", \"vermasubodhk@gmail.com\"]", "address": "A-3 Saibaba Residency, Kailash Nagar, Bairagarh", "latitude": "234.0000000000000000", "longitude": "2343.0000000000000000", "registration_type": "adhar", "registration_number": "asdfasdf", "contact_person_name": "Shiv the god", "contact_person_number": "+918989820993", "contact_person_photo": "", "store_times": "[{\"closing_time\": \"18:00:00\", \"opening_time\": \"09:00:00\"}, {\"closing_time\": \"18:00:00\", \"opening_time\": \"09:00:00\"}, {\"closing_time\": \"18:00:00\", \"opening_time\": \"09:00:00\"}, {\"closing_time\": \"18:00:00\", \"opening_time\": \"09:00:00\"}, {\"closing_time\": \"18:00:00\", \"opening_time\": \"09:00:00\"}, {\"closing_time\": \"18:00:00\", \"opening_time\": \"09:00:00\"}, {\"closing_time\": \"18:00:00\", \"opening_time\": \"09:00:00\"}]", "slot_length": 30, "rating": null, "city": 1, "supported_vehicle_types": []}}, {"model": "store.bay", "pk": 1, "fields": {"created_at": "2021-08-07T06:15:21.443", "updated_at": "2021-08-07T06:15:21.443", "store": 1, "supported_vehicle_types": [1]}}, {"model": "store.bay", "pk": 2, "fields": {"created_at": "2021-08-07T06:15:24.459", "updated_at": "2021-08-07T06:15:24.459", "store": 1, "supported_vehicle_types": [1]}}, {"model": "store.pricetime", "pk": 1, "fields": {"created_at": "2021-08-07T06:15:25.666", "updated_at": "2021-08-07T06:15:25.666", "store": 1, "vehicle_type": 1, "service": 2, "price": 100, "time_interval": 30, "description": "dfasdf", "bays": [1, 2]}}, {"model": "store.pricetime", "pk": 2, "fields": {"created_at": "2021-08-07T06:15:48.284", "updated_at": "2021-08-07T06:15:48.284", "store": 1, "vehicle_type": 1, "service": 1, "price": 200, "time_interval": 60, "description": "asdfasdf", "bays": [1, 2]}}, {"model": "store.event", "pk": 1, "fields": {"created_at": "2021-08-07T06:16:35.722", "updated_at": "2021-08-07T06:16:35.722", "is_blocking": false, "bay": 1, "start_datetime": "2021-08-10T12:00:00", "end_datetime": "2021-08-10T13:30:00"}}, {"model": "store.event", "pk": 2, "fields": {"created_at": "2021-08-09T07:19:44.271", "updated_at": "2021-08-09T07:19:44.271", "is_blocking": false, "bay": 1, "start_datetime": "2021-08-09T12:00:00", "end_datetime": "2021-08-09T13:30:00"}}, {"model": "store.event", "pk": 3, "fields": {"created_at": "2021-08-09T07:27:47.958", "updated_at": "2021-08-09T07:27:47.958", "is_blocking": false, "bay": 1, "start_datetime": "2021-08-09T12:00:00", "end_datetime": "2021-08-09T13:30:00"}}, {"model": "store.event", "pk": 4, "fields": {"created_at": "2021-08-09T07:28:06.748", "updated_at": "2021-08-09T07:28:06.748", "is_blocking": false, "bay": 1, "start_datetime": "2021-08-09T12:00:00", "end_datetime": "2021-08-09T13:30:00"}}, {"model": "store.event", "pk": 5, "fields": {"created_at": "2021-08-09T07:29:11.071", "updated_at": "2021-08-09T07:29:11.071", "is_blocking": false, "bay": 1, "start_datetime": "2021-08-09T12:00:00", "end_datetime": "2021-08-09T13:30:00"}}, {"model": "store.event", "pk": 6, "fields": {"created_at": "2021-08-09T07:31:06.499", "updated_at": "2021-08-09T07:31:06.499", "is_blocking": false, "bay": 1, "start_datetime": "2021-08-09T12:00:00", "end_datetime": "2021-08-09T13:30:00"}}, {"model": "store.event", "pk": 7, "fields": {"created_at": "2021-08-09T07:35:02.886", "updated_at": "2021-08-09T07:35:02.886", "is_blocking": false, "bay": 1, "start_datetime": "2021-08-09T12:00:00", "end_datetime": "2021-08-09T13:30:00"}}, {"model": "store.event", "pk": 8, "fields": {"created_at": "2021-08-09T07:36:39.095", "updated_at": "2021-08-09T07:36:39.095", "is_blocking": false, "bay": 1, "start_datetime": "2021-08-09T12:00:00", "end_datetime": "2021-08-09T13:30:00"}}, {"model": "store.event", "pk": 9, "fields": {"created_at": "2021-08-09T07:37:51.615", "updated_at": "2021-08-09T07:37:51.615", "is_blocking": false, "bay": 1, "start_datetime": "2021-08-09T12:00:00", "end_datetime": "2021-08-09T13:30:00"}}, {"model": "store.event", "pk": 10, "fields": {"created_at": "2021-08-09T07:37:58.722", "updated_at": "2021-08-09T07:37:58.722", "is_blocking": false, "bay": 1, "start_datetime": "2021-08-09T12:00:00", "end_datetime": "2021-08-09T13:30:00"}}, {"model": "store.event", "pk": 11, "fields": {"created_at": "2021-08-09T07:38:20.310", "updated_at": "2021-08-09T07:38:20.310", "is_blocking": false, "bay": 1, "start_datetime": "2021-08-09T12:00:00", "end_datetime": "2021-08-09T13:30:00"}}, {"model": "store.event", "pk": 12, "fields": {"created_at": "2021-08-09T07:40:51.859", "updated_at": "2021-08-09T07:40:51.859", "is_blocking": false, "bay": 1, "start_datetime": "2021-08-09T12:00:00", "end_datetime": "2021-08-09T13:30:00"}}, {"model": "store.event", "pk": 13, "fields": {"created_at": "2021-08-09T07:40:53.646", "updated_at": "2021-08-09T07:40:53.646", "is_blocking": false, "bay": 1, "start_datetime": "2021-08-09T12:00:00", "end_datetime": "2021-08-09T13:30:00"}}, {"model": "store.event", "pk": 14, "fields": {"created_at": "2021-08-09T07:40:54.576", "updated_at": "2021-08-09T07:40:54.576", "is_blocking": false, "bay": 1, "start_datetime": "2021-08-09T12:00:00", "end_datetime": "2021-08-09T13:30:00"}}, {"model": "store.event", "pk": 15, "fields": {"created_at": "2021-08-09T07:43:23.026", "updated_at": "2021-08-09T07:43:23.026", "is_blocking": false, "bay": 1, "start_datetime": "2021-08-09T12:00:00", "end_datetime": "2021-08-09T13:30:00"}}, {"model": "store.event", "pk": 16, "fields": {"created_at": "2021-08-09T07:43:23.860", "updated_at": "2021-08-09T07:43:23.860", "is_blocking": false, "bay": 1, "start_datetime": "2021-08-09T12:00:00", "end_datetime": "2021-08-09T13:30:00"}}, {"model": "store.event", "pk": 17, "fields": {"created_at": "2021-08-10T17:00:00.567", "updated_at": "2021-08-10T17:00:00.567", "is_blocking": true, "bay": 1, "start_datetime": "2021-08-10T15:00:00", "end_datetime": "2021-08-10T16:00:00"}}, {"model": "store.event", "pk": 18, "fields": {"created_at": "2021-08-10T17:26:43.480", "updated_at": "2021-08-10T17:26:43.480", "is_blocking": false, "bay": 2, "start_datetime": "2021-08-10T13:29:00", "end_datetime": "2021-08-10T17:26:40"}}, {"model": "booking.booking", "pk": "0C0E4D", "fields": {"created_at": "2021-08-09T07:43:23.034", "updated_at": "2021-08-09T07:43:23.034", "booked_by": 1, "store": 1, "status": 0, "status_changed_time": "2021-08-09T07:43:23.034", "otp": "HKNM", "event": 15, "vehicle_type": 1, "is_refunded": false, "price_times": [1, 2]}}, {"model": "booking.booking", "pk": "19EA21", "fields": {"created_at": "2021-08-09T07:40:54.579", "updated_at": "2021-08-09T07:40:54.579", "booked_by": 1, "store": 1, "status": 0, "status_changed_time": "2021-08-09T07:40:54.579", "otp": "Q4A3", "event": 14, "vehicle_type": 1, "is_refunded": false, "price_times": [1, 2]}}, {"model": "booking.booking", "pk": "23523452", "fields": {"created_at": "2021-08-07T06:16:58.191", "updated_at": "2021-08-07T06:17:14.838", "booked_by": 1, "store": 1, "status": 0, "status_changed_time": "2021-08-07T06:14:18", "otp": "1234", "event": 1, "vehicle_type": 1, "is_refunded": false, "price_times": [1, 2]}}, {"model": "booking.booking", "pk": "26E203", "fields": {"created_at": "2021-08-09T07:28:06.756", "updated_at": "2021-08-09T07:28:06.756", "booked_by": 1, "store": 1, "status": 0, "status_changed_time": "2021-08-09T07:28:06.756", "otp": "BA54", "event": 4, "vehicle_type": 1, "is_refunded": false, "price_times": [1, 2]}}, {"model": "booking.booking", "pk": "29F072", "fields": {"created_at": "2021-08-09T07:19:44.276", "updated_at": "2021-08-09T07:19:44.276", "booked_by": 1, "store": 1, "status": 0, "status_changed_time": "2021-08-09T07:19:44.276", "otp": "JK9A", "event": 2, "vehicle_type": 1, "is_refunded": false, "price_times": [1, 2]}}, {"model": "booking.booking", "pk": "33B2B1", "fields": {"created_at": "2021-08-09T07:43:23.863", "updated_at": "2021-08-09T07:43:23.863", "booked_by": 1, "store": 1, "status": 0, "status_changed_time": "2021-08-09T07:43:23.863", "otp": "EUYX", "event": 16, "vehicle_type": 1, "is_refunded": false, "price_times": [1, 2]}}, {"model": "booking.booking", "pk": "4841EA", "fields": {"created_at": "2021-08-09T07:31:06.507", "updated_at": "2021-08-09T07:31:06.508", "booked_by": 1, "store": 1, "status": 0, "status_changed_time": "2021-08-09T07:31:06.507", "otp": "XUTJ", "event": 6, "vehicle_type": 1, "is_refunded": false, "price_times": [1, 2]}}, {"model": "booking.booking", "pk": "4B9FC3", "fields": {"created_at": "2021-08-09T07:40:51.868", "updated_at": "2021-08-09T07:40:51.868", "booked_by": 1, "store": 1, "status": 0, "status_changed_time": "2021-08-09T07:40:51.867", "otp": "J2ZN", "event": 12, "vehicle_type": 1, "is_refunded": false, "price_times": [1, 2]}}, {"model": "booking.booking", "pk": "4E0D9C", "fields": {"created_at": "2021-08-09T07:35:02.964", "updated_at": "2021-08-09T07:35:02.964", "booked_by": 1, "store": 1, "status": 0, "status_changed_time": "2021-08-09T07:35:02.964", "otp": "G7KH", "event": 7, "vehicle_type": 1, "is_refunded": false, "price_times": [1, 2]}}, {"model": "booking.booking", "pk": "7ED3D0", "fields": {"created_at": "2021-08-09T07:29:11.074", "updated_at": "2021-08-09T07:29:11.074", "booked_by": 1, "store": 1, "status": 0, "status_changed_time": "2021-08-09T07:29:11.074", "otp": "42ML", "event": 5, "vehicle_type": 1, "is_refunded": false, "price_times": [1, 2]}}, {"model": "booking.booking", "pk": "7FEBD5", "fields": {"created_at": "2021-08-09T07:38:20.318", "updated_at": "2021-08-09T07:38:20.318", "booked_by": 1, "store": 1, "status": 0, "status_changed_time": "2021-08-09T07:38:20.318", "otp": "A4UL", "event": 11, "vehicle_type": 1, "is_refunded": false, "price_times": [1, 2]}}, {"model": "booking.booking", "pk": "AAFE41", "fields": {"created_at": "2021-08-09T07:37:51.624", "updated_at": "2021-08-09T07:37:51.624", "booked_by": 1, "store": 1, "status": 0, "status_changed_time": "2021-08-09T07:37:51.624", "otp": "UIWS", "event": 9, "vehicle_type": 1, "is_refunded": false, "price_times": [1, 2]}}, {"model": "booking.booking", "pk": "DC19A0", "fields": {"created_at": "2021-08-09T07:40:53.649", "updated_at": "2021-08-09T07:40:53.649", "booked_by": 1, "store": 1, "status": 0, "status_changed_time": "2021-08-09T07:40:53.649", "otp": "VFXF", "event": 13, "vehicle_type": 1, "is_refunded": false, "price_times": [1, 2]}}, {"model": "booking.booking", "pk": "EE925B", "fields": {"created_at": "2021-08-09T07:36:39.105", "updated_at": "2021-08-09T07:36:39.105", "booked_by": 1, "store": 1, "status": 0, "status_changed_time": "2021-08-09T07:36:39.105", "otp": "201H", "event": 8, "vehicle_type": 1, "is_refunded": false, "price_times": [1, 2]}}, {"model": "booking.booking", "pk": "F1D3BB", "fields": {"created_at": "2021-08-09T07:27:47.968", "updated_at": "2021-08-09T07:27:47.968", "booked_by": 1, "store": 1, "status": 0, "status_changed_time": "2021-08-09T07:27:47.968", "otp": "UPAQ", "event": 3, "vehicle_type": 1, "is_refunded": false, "price_times": [1, 2]}}, {"model": "booking.booking", "pk": "FA2344", "fields": {"created_at": "2021-08-09T07:37:58.731", "updated_at": "2021-08-09T07:37:58.731", "booked_by": 1, "store": 1, "status": 0, "status_changed_time": "2021-08-09T07:37:58.730", "otp": "VOFG", "event": 10, "vehicle_type": 1, "is_refunded": false, "price_times": [1, 2]}}, {"model": "booking.payment", "pk": 1, "fields": {"created_at": "2021-08-07T06:17:54.142", "updated_at": "2021-08-07T06:17:54.142", "booking": "23523452", "payment_status": 0, "transaction_id": "dsfasdf", "mode_of_payment": "PAYTM KARO", "amount": 1000}}, {"model": "cart.cart", "pk": 1, "fields": {"created_at": "2021-08-09T07:18:21.181", "updated_at": "2021-08-10T20:28:34.951", "consumer": 1, "store": 1, "subtotal": "300.00", "total": "300.00", "completed": false, "items": [1, 2]}}]